,xmin,ymin,xmax,ymax,confidence,class,name
0,147.9810028076172,149.32958984375,571.5313720703125,494.6549987792969,0.1271425187587738,0,Cat
